#Firstname,Surname,Email,Title,Roles,Scopes
Training,100,QSCLondonTraining@qualys.com,User,QSCRole,11607344
Training,101,QSCLondonTraining@qualys.com,User,QSCRole,11607444
Training,102,QSCLondonTraining@qualys.com,User,QSCRole,11607586
Training,103,QSCLondonTraining@qualys.com,User,QSCRole,11607607
Training,104,QSCLondonTraining@qualys.com,User,QSCRole,11607465
Training,105,QSCLondonTraining@qualys.com,User,QSCRole,11607459
Training,106,QSCLondonTraining@qualys.com,User,QSCRole,11607436
Training,107,QSCLondonTraining@qualys.com,User,QSCRole,11607536
Training,108,QSCLondonTraining@qualys.com,User,QSCRole,11607500
Training,109,QSCLondonTraining@qualys.com,User,QSCRole,11607423
Training,110,QSCLondonTraining@qualys.com,User,QSCRole,11607385
Training,111,QSCLondonTraining@qualys.com,User,QSCRole,11607432
Training,112,QSCLondonTraining@qualys.com,User,QSCRole,11607360
Training,113,QSCLondonTraining@qualys.com,User,QSCRole,11607555
Training,114,QSCLondonTraining@qualys.com,User,QSCRole,11607457
Training,115,QSCLondonTraining@qualys.com,User,QSCRole,11607553
Training,116,QSCLondonTraining@qualys.com,User,QSCRole,11607545
Training,117,QSCLondonTraining@qualys.com,User,QSCRole,11607521
Training,118,QSCLondonTraining@qualys.com,User,QSCRole,11607511
Training,119,QSCLondonTraining@qualys.com,User,QSCRole,11607462
Training,120,QSCLondonTraining@qualys.com,User,QSCRole,11607354
Training,121,QSCLondonTraining@qualys.com,User,QSCRole,11607373
Training,122,QSCLondonTraining@qualys.com,User,QSCRole,11607406
Training,123,QSCLondonTraining@qualys.com,User,QSCRole,11607481
Training,124,QSCLondonTraining@qualys.com,User,QSCRole,11607374
Training,125,QSCLondonTraining@qualys.com,User,QSCRole,11607564
Training,126,QSCLondonTraining@qualys.com,User,QSCRole,11607530
Training,127,QSCLondonTraining@qualys.com,User,QSCRole,11607585
Training,128,QSCLondonTraining@qualys.com,User,QSCRole,11607495
Training,129,QSCLondonTraining@qualys.com,User,QSCRole,11607391
Training,130,QSCLondonTraining@qualys.com,User,QSCRole,11607410
Training,131,QSCLondonTraining@qualys.com,User,QSCRole,11607548
Training,132,QSCLondonTraining@qualys.com,User,QSCRole,11607514
Training,133,QSCLondonTraining@qualys.com,User,QSCRole,11607414
Training,134,QSCLondonTraining@qualys.com,User,QSCRole,11607362
Training,135,QSCLondonTraining@qualys.com,User,QSCRole,11607487
Training,136,QSCLondonTraining@qualys.com,User,QSCRole,11607388
Training,137,QSCLondonTraining@qualys.com,User,QSCRole,11607445
Training,138,QSCLondonTraining@qualys.com,User,QSCRole,11607490
Training,139,QSCLondonTraining@qualys.com,User,QSCRole,1.16E+07
Training,140,QSCLondonTraining@qualys.com,User,QSCRole,11607339
Training,141,QSCLondonTraining@qualys.com,User,QSCRole,11607370
Training,142,QSCLondonTraining@qualys.com,User,QSCRole,11607435
Training,143,QSCLondonTraining@qualys.com,User,QSCRole,11607566
Training,144,QSCLondonTraining@qualys.com,User,QSCRole,11607588
Training,145,QSCLondonTraining@qualys.com,User,QSCRole,11607570
Training,146,QSCLondonTraining@qualys.com,User,QSCRole,11607458
Training,147,QSCLondonTraining@qualys.com,User,QSCRole,11607455
Training,148,QSCLondonTraining@qualys.com,User,QSCRole,11607320
Training,149,QSCLondonTraining@qualys.com,User,QSCRole,11607516
Training,150,QSCLondonTraining@qualys.com,User,QSCRole,11607426
Training,151,QSCLondonTraining@qualys.com,User,QSCRole,11607314
Training,152,QSCLondonTraining@qualys.com,User,QSCRole,11607387
Training,153,QSCLondonTraining@qualys.com,User,QSCRole,11607334
Training,154,QSCLondonTraining@qualys.com,User,QSCRole,11607546
Training,155,QSCLondonTraining@qualys.com,User,QSCRole,11607541
Training,156,QSCLondonTraining@qualys.com,User,QSCRole,11607358
Training,157,QSCLondonTraining@qualys.com,User,QSCRole,11607392
Training,158,QSCLondonTraining@qualys.com,User,QSCRole,11607501
Training,159,QSCLondonTraining@qualys.com,User,QSCRole,11607556
Training,160,QSCLondonTraining@qualys.com,User,QSCRole,11607592
Training,161,QSCLondonTraining@qualys.com,User,QSCRole,11607438
Training,162,QSCLondonTraining@qualys.com,User,QSCRole,11607315
Training,163,QSCLondonTraining@qualys.com,User,QSCRole,11607467
Training,164,QSCLondonTraining@qualys.com,User,QSCRole,11607427
Training,165,QSCLondonTraining@qualys.com,User,QSCRole,11607502
Training,166,QSCLondonTraining@qualys.com,User,QSCRole,11607473
Training,167,QSCLondonTraining@qualys.com,User,QSCRole,11607350
Training,168,QSCLondonTraining@qualys.com,User,QSCRole,11607403
Training,169,QSCLondonTraining@qualys.com,User,QSCRole,11607449
Training,170,QSCLondonTraining@qualys.com,User,QSCRole,11607565
Training,171,QSCLondonTraining@qualys.com,User,QSCRole,11607582
Training,172,QSCLondonTraining@qualys.com,User,QSCRole,11607552
Training,173,QSCLondonTraining@qualys.com,User,QSCRole,11607524
Training,174,QSCLondonTraining@qualys.com,User,QSCRole,11607399
Training,175,QSCLondonTraining@qualys.com,User,QSCRole,11607411
Training,176,QSCLondonTraining@qualys.com,User,QSCRole,11607369
Training,177,QSCLondonTraining@qualys.com,User,QSCRole,11607517
Training,178,QSCLondonTraining@qualys.com,User,QSCRole,11607380
Training,179,QSCLondonTraining@qualys.com,User,QSCRole,11607407
Training,180,QSCLondonTraining@qualys.com,User,QSCRole,11607389
Training,181,QSCLondonTraining@qualys.com,User,QSCRole,11607442
Training,182,QSCLondonTraining@qualys.com,User,QSCRole,11607468
Training,183,QSCLondonTraining@qualys.com,User,QSCRole,11607561
Training,184,QSCLondonTraining@qualys.com,User,QSCRole,11607376
Training,185,QSCLondonTraining@qualys.com,User,QSCRole,11607497
Training,186,QSCLondonTraining@qualys.com,User,QSCRole,11607418
Training,187,QSCLondonTraining@qualys.com,User,QSCRole,11607563
Training,188,QSCLondonTraining@qualys.com,User,QSCRole,11607361
Training,189,QSCLondonTraining@qualys.com,User,QSCRole,11607379
Training,190,QSCLondonTraining@qualys.com,User,QSCRole,11607489
Training,191,QSCLondonTraining@qualys.com,User,QSCRole,11607425
Training,192,QSCLondonTraining@qualys.com,User,QSCRole,11607397
Training,193,QSCLondonTraining@qualys.com,User,QSCRole,11607329
Training,194,QSCLondonTraining@qualys.com,User,QSCRole,11607543
Training,195,QSCLondonTraining@qualys.com,User,QSCRole,11607439
Training,196,QSCLondonTraining@qualys.com,User,QSCRole,11607478
Training,197,QSCLondonTraining@qualys.com,User,QSCRole,11607484
Training,198,QSCLondonTraining@qualys.com,User,QSCRole,11607504
Training,199,QSCLondonTraining@qualys.com,User,QSCRole,11607600
Training,200,QSCLondonTraining@qualys.com,User,QSCRole,11607480
Training,201,QSCLondonTraining@qualys.com,User,QSCRole,11607476
Training,202,QSCLondonTraining@qualys.com,User,QSCRole,11607483
Training,203,QSCLondonTraining@qualys.com,User,QSCRole,11607402
Training,204,QSCLondonTraining@qualys.com,User,QSCRole,11607499
Training,205,QSCLondonTraining@qualys.com,User,QSCRole,11607328
Training,206,QSCLondonTraining@qualys.com,User,QSCRole,11607513
Training,207,QSCLondonTraining@qualys.com,User,QSCRole,11607441
Training,208,QSCLondonTraining@qualys.com,User,QSCRole,11607474
Training,209,QSCLondonTraining@qualys.com,User,QSCRole,11607359
Training,210,QSCLondonTraining@qualys.com,User,QSCRole,11607525
Training,211,QSCLondonTraining@qualys.com,User,QSCRole,11607395
Training,212,QSCLondonTraining@qualys.com,User,QSCRole,11607319
Training,213,QSCLondonTraining@qualys.com,User,QSCRole,11607527
Training,214,QSCLondonTraining@qualys.com,User,QSCRole,11607383
Training,215,QSCLondonTraining@qualys.com,User,QSCRole,11607368
Training,216,QSCLondonTraining@qualys.com,User,QSCRole,11607346
Training,217,QSCLondonTraining@qualys.com,User,QSCRole,11607443
Training,218,QSCLondonTraining@qualys.com,User,QSCRole,11607595
Training,219,QSCLondonTraining@qualys.com,User,QSCRole,11607523
Training,220,QSCLondonTraining@qualys.com,User,QSCRole,11607408
Training,221,QSCLondonTraining@qualys.com,User,QSCRole,11607324
Training,222,QSCLondonTraining@qualys.com,User,QSCRole,11607404
Training,223,QSCLondonTraining@qualys.com,User,QSCRole,11607470
Training,224,QSCLondonTraining@qualys.com,User,QSCRole,11607353
Training,225,QSCLondonTraining@qualys.com,User,QSCRole,11607349
Training,226,QSCLondonTraining@qualys.com,User,QSCRole,11607310
Training,227,QSCLondonTraining@qualys.com,User,QSCRole,11607593
Training,228,QSCLondonTraining@qualys.com,User,QSCRole,11607336
Training,229,QSCLondonTraining@qualys.com,User,QSCRole,11607589
Training,230,QSCLondonTraining@qualys.com,User,QSCRole,11607510
Training,231,QSCLondonTraining@qualys.com,User,QSCRole,11607603
Training,232,QSCLondonTraining@qualys.com,User,QSCRole,11607551
Training,233,QSCLondonTraining@qualys.com,User,QSCRole,11607375
Training,234,QSCLondonTraining@qualys.com,User,QSCRole,11607363
Training,235,QSCLondonTraining@qualys.com,User,QSCRole,11607400
Training,236,QSCLondonTraining@qualys.com,User,QSCRole,11607568
Training,237,QSCLondonTraining@qualys.com,User,QSCRole,11607308
Training,238,QSCLondonTraining@qualys.com,User,QSCRole,11607340
Training,239,QSCLondonTraining@qualys.com,User,QSCRole,11607419
Training,240,QSCLondonTraining@qualys.com,User,QSCRole,11607602
Training,241,QSCLondonTraining@qualys.com,User,QSCRole,11607491
Training,242,QSCLondonTraining@qualys.com,User,QSCRole,11607424
Training,243,QSCLondonTraining@qualys.com,User,QSCRole,11607522
Training,244,QSCLondonTraining@qualys.com,User,QSCRole,11607366
Training,245,QSCLondonTraining@qualys.com,User,QSCRole,11607430
Training,246,QSCLondonTraining@qualys.com,User,QSCRole,11607577
Training,247,QSCLondonTraining@qualys.com,User,QSCRole,11607371
Training,248,QSCLondonTraining@qualys.com,User,QSCRole,11607509
Training,249,QSCLondonTraining@qualys.com,User,QSCRole,11607321
Training,250,QSCLondonTraining@qualys.com,User,QSCRole,11607317
Training,251,QSCLondonTraining@qualys.com,User,QSCRole,11607596
Training,252,QSCLondonTraining@qualys.com,User,QSCRole,11607393
Training,253,QSCLondonTraining@qualys.com,User,QSCRole,11607386
Training,254,QSCLondonTraining@qualys.com,User,QSCRole,11607311
Training,255,QSCLondonTraining@qualys.com,User,QSCRole,11607448
Training,256,QSCLondonTraining@qualys.com,User,QSCRole,11607420
Training,257,QSCLondonTraining@qualys.com,User,QSCRole,11607372
Training,258,QSCLondonTraining@qualys.com,User,QSCRole,11607466
Training,259,QSCLondonTraining@qualys.com,User,QSCRole,11607341
Training,260,QSCLondonTraining@qualys.com,User,QSCRole,11607542
Training,261,QSCLondonTraining@qualys.com,User,QSCRole,11607417
Training,262,QSCLondonTraining@qualys.com,User,QSCRole,11607472
Training,263,QSCLondonTraining@qualys.com,User,QSCRole,11607396
Training,264,QSCLondonTraining@qualys.com,User,QSCRole,11607330
Training,265,QSCLondonTraining@qualys.com,User,QSCRole,11607351
Training,266,QSCLondonTraining@qualys.com,User,QSCRole,11607450
Training,267,QSCLondonTraining@qualys.com,User,QSCRole,11607347
Training,268,QSCLondonTraining@qualys.com,User,QSCRole,11607512
Training,269,QSCLondonTraining@qualys.com,User,QSCRole,11607421
Training,270,QSCLondonTraining@qualys.com,User,QSCRole,11607456
Training,271,QSCLondonTraining@qualys.com,User,QSCRole,11607549
Training,272,QSCLondonTraining@qualys.com,User,QSCRole,11607559
Training,273,QSCLondonTraining@qualys.com,User,QSCRole,11607356
Training,274,QSCLondonTraining@qualys.com,User,QSCRole,11607405
Training,275,QSCLondonTraining@qualys.com,User,QSCRole,11607562
Training,276,QSCLondonTraining@qualys.com,User,QSCRole,11607415
Training,277,QSCLondonTraining@qualys.com,User,QSCRole,11607464
Training,278,QSCLondonTraining@qualys.com,User,QSCRole,11607507
Training,279,QSCLondonTraining@qualys.com,User,QSCRole,11607338
Training,280,QSCLondonTraining@qualys.com,User,QSCRole,11607377
Training,281,QSCLondonTraining@qualys.com,User,QSCRole,11607505
Training,282,QSCLondonTraining@qualys.com,User,QSCRole,11607604
Training,283,QSCLondonTraining@qualys.com,User,QSCRole,11607412
Training,284,QSCLondonTraining@qualys.com,User,QSCRole,11607453
Training,285,QSCLondonTraining@qualys.com,User,QSCRole,11607333
Training,286,QSCLondonTraining@qualys.com,User,QSCRole,11607590
Training,287,QSCLondonTraining@qualys.com,User,QSCRole,11607526
Training,288,QSCLondonTraining@qualys.com,User,QSCRole,11607571
Training,289,QSCLondonTraining@qualys.com,User,QSCRole,11607378
Training,290,QSCLondonTraining@qualys.com,User,QSCRole,11607533
Training,291,QSCLondonTraining@qualys.com,User,QSCRole,11607544
Training,292,QSCLondonTraining@qualys.com,User,QSCRole,11607357
Training,293,QSCLondonTraining@qualys.com,User,QSCRole,11607576
Training,294,QSCLondonTraining@qualys.com,User,QSCRole,11607422
Training,295,QSCLondonTraining@qualys.com,User,QSCRole,11607318
Training,296,QSCLondonTraining@qualys.com,User,QSCRole,11607316
Training,297,QSCLondonTraining@qualys.com,User,QSCRole,11607331
Training,298,QSCLondonTraining@qualys.com,User,QSCRole,11607605
Training,299,QSCLondonTraining@qualys.com,User,QSCRole,11607313
Training,300,QSCLondonTraining@qualys.com,User,QSCRole,11607398
Training,301,QSCLondonTraining@qualys.com,User,QSCRole,11607534
Training,302,QSCLondonTraining@qualys.com,User,QSCRole,11607520
Training,303,QSCLondonTraining@qualys.com,User,QSCRole,11607583
Training,304,QSCLondonTraining@qualys.com,User,QSCRole,11607390
Training,305,QSCLondonTraining@qualys.com,User,QSCRole,11607579
Training,306,QSCLondonTraining@qualys.com,User,QSCRole,11607332
Training,307,QSCLondonTraining@qualys.com,User,QSCRole,11607381
Training,308,QSCLondonTraining@qualys.com,User,QSCRole,11607460
Training,309,QSCLondonTraining@qualys.com,User,QSCRole,11607498
Training,310,QSCLondonTraining@qualys.com,User,QSCRole,11607323
Training,311,QSCLondonTraining@qualys.com,User,QSCRole,11607515
Training,312,QSCLondonTraining@qualys.com,User,QSCRole,11607309
Training,313,QSCLondonTraining@qualys.com,User,QSCRole,11607528
Training,314,QSCLondonTraining@qualys.com,User,QSCRole,11607492
Training,315,QSCLondonTraining@qualys.com,User,QSCRole,11607535
Training,316,QSCLondonTraining@qualys.com,User,QSCRole,11607451
Training,317,QSCLondonTraining@qualys.com,User,QSCRole,11607325
Training,318,QSCLondonTraining@qualys.com,User,QSCRole,11607394
Training,319,QSCLondonTraining@qualys.com,User,QSCRole,11607532
Training,320,QSCLondonTraining@qualys.com,User,QSCRole,11607508
Training,321,QSCLondonTraining@qualys.com,User,QSCRole,11607531
Training,322,QSCLondonTraining@qualys.com,User,QSCRole,11607352
Training,323,QSCLondonTraining@qualys.com,User,QSCRole,11607433
Training,324,QSCLondonTraining@qualys.com,User,QSCRole,11607428
Training,325,QSCLondonTraining@qualys.com,User,QSCRole,11607440
Training,326,QSCLondonTraining@qualys.com,User,QSCRole,11607431
Training,327,QSCLondonTraining@qualys.com,User,QSCRole,11607471
Training,328,QSCLondonTraining@qualys.com,User,QSCRole,11607606
Training,329,QSCLondonTraining@qualys.com,User,QSCRole,11607486
Training,330,QSCLondonTraining@qualys.com,User,QSCRole,11607485
Training,331,QSCLondonTraining@qualys.com,User,QSCRole,11607581
Training,332,QSCLondonTraining@qualys.com,User,QSCRole,11607538
Training,333,QSCLondonTraining@qualys.com,User,QSCRole,11607322
Training,334,QSCLondonTraining@qualys.com,User,QSCRole,11607594
Training,335,QSCLondonTraining@qualys.com,User,QSCRole,11607409
Training,336,QSCLondonTraining@qualys.com,User,QSCRole,11607479
Training,337,QSCLondonTraining@qualys.com,User,QSCRole,11607503
Training,338,QSCLondonTraining@qualys.com,User,QSCRole,11607597
Training,339,QSCLondonTraining@qualys.com,User,QSCRole,11607496
Training,340,QSCLondonTraining@qualys.com,User,QSCRole,11607337
Training,341,QSCLondonTraining@qualys.com,User,QSCRole,11607365
Training,342,QSCLondonTraining@qualys.com,User,QSCRole,11607342
Training,343,QSCLondonTraining@qualys.com,User,QSCRole,11607452
Training,344,QSCLondonTraining@qualys.com,User,QSCRole,11607335
Training,345,QSCLondonTraining@qualys.com,User,QSCRole,11607539
Training,346,QSCLondonTraining@qualys.com,User,QSCRole,11607437
Training,347,QSCLondonTraining@qualys.com,User,QSCRole,11607560
Training,348,QSCLondonTraining@qualys.com,User,QSCRole,11607312
Training,349,QSCLondonTraining@qualys.com,User,QSCRole,11607554
Training,350,QSCLondonTraining@qualys.com,User,QSCRole,11607434
Training,351,QSCLondonTraining@qualys.com,User,QSCRole,11607518
Training,352,QSCLondonTraining@qualys.com,User,QSCRole,11607537
Training,353,QSCLondonTraining@qualys.com,User,QSCRole,11607584
Training,354,QSCLondonTraining@qualys.com,User,QSCRole,11607572
Training,355,QSCLondonTraining@qualys.com,User,QSCRole,11607384
Training,356,QSCLondonTraining@qualys.com,User,QSCRole,11607488
Training,357,QSCLondonTraining@qualys.com,User,QSCRole,11607598
Training,358,QSCLondonTraining@qualys.com,User,QSCRole,11607591
Training,359,QSCLondonTraining@qualys.com,User,QSCRole,11607519
Training,360,QSCLondonTraining@qualys.com,User,QSCRole,11607343
Training,361,QSCLondonTraining@qualys.com,User,QSCRole,11607493
Training,362,QSCLondonTraining@qualys.com,User,QSCRole,11607547
Training,363,QSCLondonTraining@qualys.com,User,QSCRole,11607574
Training,364,QSCLondonTraining@qualys.com,User,QSCRole,11607401
Training,365,QSCLondonTraining@qualys.com,User,QSCRole,11607345
Training,366,QSCLondonTraining@qualys.com,User,QSCRole,11607416
Training,367,QSCLondonTraining@qualys.com,User,QSCRole,11607447
Training,368,QSCLondonTraining@qualys.com,User,QSCRole,11607326
Training,369,QSCLondonTraining@qualys.com,User,QSCRole,11607550
Training,370,QSCLondonTraining@qualys.com,User,QSCRole,11607367
Training,371,QSCLondonTraining@qualys.com,User,QSCRole,11607355
Training,372,QSCLondonTraining@qualys.com,User,QSCRole,11607580
Training,373,QSCLondonTraining@qualys.com,User,QSCRole,11607327
Training,374,QSCLondonTraining@qualys.com,User,QSCRole,11607382
Training,375,QSCLondonTraining@qualys.com,User,QSCRole,11607558
Training,376,QSCLondonTraining@qualys.com,User,QSCRole,11607477
Training,377,QSCLondonTraining@qualys.com,User,QSCRole,11607475
Training,378,QSCLondonTraining@qualys.com,User,QSCRole,11607529
Training,379,QSCLondonTraining@qualys.com,User,QSCRole,11607446
Training,380,QSCLondonTraining@qualys.com,User,QSCRole,11607599
Training,381,QSCLondonTraining@qualys.com,User,QSCRole,11607569
Training,382,QSCLondonTraining@qualys.com,User,QSCRole,11607557
Training,383,QSCLondonTraining@qualys.com,User,QSCRole,11607506
Training,384,QSCLondonTraining@qualys.com,User,QSCRole,11607575
Training,385,QSCLondonTraining@qualys.com,User,QSCRole,11607461
Training,386,QSCLondonTraining@qualys.com,User,QSCRole,11607578
Training,387,QSCLondonTraining@qualys.com,User,QSCRole,11607463
Training,388,QSCLondonTraining@qualys.com,User,QSCRole,11607429
Training,389,QSCLondonTraining@qualys.com,User,QSCRole,11607573
Training,390,QSCLondonTraining@qualys.com,User,QSCRole,11607454
Training,391,QSCLondonTraining@qualys.com,User,QSCRole,11607413
Training,392,QSCLondonTraining@qualys.com,User,QSCRole,11607494
Training,393,QSCLondonTraining@qualys.com,User,QSCRole,11607348
Training,394,QSCLondonTraining@qualys.com,User,QSCRole,11607469
Training,395,QSCLondonTraining@qualys.com,User,QSCRole,11607567
Training,396,QSCLondonTraining@qualys.com,User,QSCRole,11607587
Training,397,QSCLondonTraining@qualys.com,User,QSCRole,11607601
Training,398,QSCLondonTraining@qualys.com,User,QSCRole,11607364
Training,399,QSCLondonTraining@qualys.com,User,QSCRole,11607540
